userId,Password
1,12345
2,12346
3,12347
4,12348
5,12349
6,12350
7,12351
8,12352
9,12353
10,12354
11,12355
12,12356
13,12357
14,12358
15,12359
16,12360
17,12361
18,12362
19,12363
20,12364
21,12365
22,12366
23,12367
24,12368
25,12369
26,12370
27,12371
28,12372
29,12373
30,12374
31,12375
32,12376
33,12377
34,12378
35,12379
36,12380
37,12381
38,12382
39,12383
40,12384
41,12385
42,12386
43,12387
44,12388
45,12389
46,12390
47,12391
48,12392
49,12393
50,12394
51,12395
52,12396
53,12397
54,12398
55,12399
56,12400
57,12401
58,12402
59,12403
60,12404
61,12405
62,12406
63,12407
64,12408
65,12409
66,12410
67,12411
68,12412
69,12413
70,12414
71,12415
72,12416
73,12417
74,12418
75,12419
76,12420
77,12421
78,12422
79,12423
80,12424
81,12425
82,12426
83,12427
84,12428
85,12429
86,12430
87,12431
88,12432
89,12433
90,12434
91,12435
92,12436
93,12437
94,12438
95,12439
96,12440
97,12441
98,12442
99,12443
100,12444
101,12445
102,12446
103,12447
104,12448
105,12449
106,12450
107,12451
108,12452
109,12453
110,12454
111,12455
112,12456
113,12457
114,12458
115,12459
116,12460
117,12461
118,12462
119,12463
120,12464
121,12465
122,12466
123,12467
124,12468
125,12469
126,12470
127,12471
128,12472
129,12473
130,12474
131,12475
132,12476
133,12477
134,12478
135,12479
136,12480
137,12481
138,12482
139,12483
140,12484
141,12485
142,12486
143,12487
144,12488
145,12489
146,12490
147,12491
148,12492
149,12493
150,12494
151,12495
152,12496
153,12497
154,12498
155,12499
156,12500
157,12501
158,12502
159,12503
160,12504
161,12505
162,12506
163,12507
164,12508
165,12509
166,12510
167,12511
168,12512
169,12513
170,12514
171,12515
172,12516
173,12517
174,12518
175,12519
176,12520
177,12521
178,12522
179,12523
180,12524
181,12525
182,12526
183,12527
184,12528
185,12529
186,12530
187,12531
188,12532
189,12533
190,12534
191,12535
192,12536
193,12537
194,12538
195,12539
196,12540
197,12541
198,12542
199,12543
200,12544
201,12545
202,12546
203,12547
204,12548
205,12549
206,12550
207,12551
208,12552
209,12553
210,12554
211,12555
212,12556
213,12557
214,12558
215,12559
216,12560
217,12561
218,12562
219,12563
220,12564
221,12565
222,12566
223,12567
224,12568
225,12569
226,12570
227,12571
228,12572
229,12573
230,12574
231,12575
232,12576
233,12577
234,12578
235,12579
236,12580
237,12581
238,12582
239,12583
240,12584
241,12585
242,12586
243,12587
244,12588
245,12589
246,12590
247,12591
248,12592
249,12593
250,12594
251,12595
252,12596
253,12597
254,12598
255,12599
256,12600
257,12601
258,12602
259,12603
260,12604
261,12605
262,12606
263,12607
264,12608
265,12609
266,12610
267,12611
268,12612
269,12613
270,12614
271,12615
272,12616
273,12617
274,12618
275,12619
276,12620
277,12621
278,12622
279,12623
280,12624
281,12625
282,12626
283,12627
284,12628
285,12629
286,12630
287,12631
288,12632
289,12633
290,12634
291,12635
292,12636
293,12637
294,12638
295,12639
296,12640
297,12641
298,12642
299,12643
300,12644
301,12645
302,12646
303,12647
304,12648
305,12649
306,12650
307,12651
308,12652
309,12653
310,12654
311,12655
312,12656
313,12657
314,12658
315,12659
316,12660
317,12661
318,12662
319,12663
320,12664
321,12665
322,12666
323,12667
324,12668
325,12669
326,12670
327,12671
328,12672
329,12673
330,12674
331,12675
332,12676
333,12677
334,12678
335,12679
336,12680
337,12681
338,12682
339,12683
340,12684
341,12685
342,12686
343,12687
344,12688
345,12689
346,12690
347,12691
348,12692
349,12693
350,12694
351,12695
352,12696
353,12697
354,12698
355,12699
356,12700
357,12701
358,12702
359,12703
360,12704
361,12705
362,12706
363,12707
364,12708
365,12709
366,12710
367,12711
368,12712
369,12713
370,12714
371,12715
372,12716
373,12717
374,12718
375,12719
376,12720
377,12721
378,12722
379,12723
380,12724
381,12725
382,12726
383,12727
384,12728
385,12729
386,12730
387,12731
388,12732
389,12733
390,12734
391,12735
392,12736
393,12737
394,12738
395,12739
396,12740
397,12741
398,12742
399,12743
400,12744
401,12745
402,12746
403,12747
404,12748
405,12749
406,12750
407,12751
408,12752
409,12753
410,12754
411,12755
412,12756
413,12757
414,12758
415,12759
416,12760
417,12761
418,12762
419,12763
420,12764
421,12765
422,12766
423,12767
424,12768
425,12769
426,12770
427,12771
428,12772
429,12773
430,12774
431,12775
432,12776
433,12777
434,12778
435,12779
436,12780
437,12781
438,12782
439,12783
440,12784
441,12785
442,12786
443,12787
444,12788
445,12789
446,12790
447,12791
448,12792
449,12793
450,12794
451,12795
452,12796
453,12797
454,12798
455,12799
456,12800
457,12801
458,12802
459,12803
460,12804
461,12805
462,12806
463,12807
464,12808
465,12809
466,12810
467,12811
468,12812
469,12813
470,12814
471,12815
472,12816
473,12817
474,12818
475,12819
476,12820
477,12821
478,12822
479,12823
480,12824
481,12825
482,12826
483,12827
484,12828
485,12829
486,12830
487,12831
488,12832
489,12833
490,12834
491,12835
492,12836
493,12837
494,12838
495,12839
496,12840
497,12841
498,12842
499,12843
500,12844
501,12845
502,12846
503,12847
504,12848
505,12849
506,12850
507,12851
508,12852
509,12853
510,12854
511,12855
512,12856
513,12857
514,12858
515,12859
516,12860
517,12861
518,12862
519,12863
520,12864
521,12865
522,12866
523,12867
524,12868
525,12869
526,12870
527,12871
528,12872
529,12873
530,12874
531,12875
532,12876
533,12877
534,12878
535,12879
536,12880
537,12881
538,12882
539,12883
540,12884
541,12885
542,12886
543,12887
544,12888
545,12889
546,12890
547,12891
548,12892
549,12893
550,12894
551,12895
552,12896
553,12897
554,12898
555,12899
556,12900
557,12901
558,12902
559,12903
560,12904
561,12905
562,12906
563,12907
564,12908
565,12909
566,12910
567,12911
568,12912
569,12913
570,12914
571,12915
572,12916
573,12917
574,12918
575,12919
576,12920
577,12921
578,12922
579,12923
580,12924
581,12925
582,12926
583,12927
584,12928
585,12929
586,12930
587,12931
588,12932
589,12933
590,12934
591,12935
592,12936
593,12937
594,12938
595,12939
596,12940
597,12941
598,12942
599,12943
600,12944
601,12945
602,12946
603,12947
604,12948
605,12949
606,12950
607,12951
608,12952
609,12953
610,12954